Store Number,Date,Gross Amount,Net Amount,Store Ticket Net Amount,Warranty Amount,Average Included Bay Time,Store Ticket Count,Store Ticket Average Net,Promotion Amount
206,01/02/2018,"$9,956.10","$9,266.48","$9,266.48",$0.00,14.2,65,$142.56,$689.62
,01/03/2018,"$10,496.51","$10,216.44","$10,209.44",$0.00,11.3,77,$132.59,$280.07
,01/04/2018,"$5,391.78","$5,064.18","$5,030.19",$0.00,14.8,64,$78.60,$327.60
,01/05/2018,"$10,007.91","$9,522.35","$9,522.35",$0.00,12.5,80,$119.03,$485.56
,01/06/2018,"$11,541.99","$10,791.46","$10,784.46",$0.00,13.2,93,$115.96,$750.53
,01/07/2018,"$4,150.59","$3,855.39","$3,848.39",$1.50,13.5,51,$75.46,$293.70
,01/08/2018,"$10,384.11","$10,020.42","$10,011.43",$35.99,10.1,70,$143.02,$327.70
,01/09/2018,"$6,561.43","$6,118.83","$6,093.85",$0.00,16.7,63,$96.73,$442.60
,01/10/2018,"$4,804.10","$4,558.63","$4,513.65",$0.00,15.1,52,$86.80,$245.47
,01/11/2018,"$6,995.94","$6,542.85","$6,535.85",$232.97,11.0,64,$102.12,$220.12
,01/12/2018,"$9,917.37","$9,667.53","$9,667.53",$0.00,17.1,80,$120.84,$249.84
,01/13/2018,"$12,922.32","$12,235.41","$12,210.42",$94.72,13.3,90,$135.67,$592.19
,01/14/2018,"$4,383.15","$4,216.78","$4,135.87",$0.00,14.6,51,$81.10,$166.37
,01/15/2018,"$8,892.36","$8,515.42","$8,508.42",$35.99,15.4,75,$113.45,$340.95
,01/16/2018,"$4,258.28","$3,862.68","$3,862.68",$244.49,16.5,33,$117.05,$151.11
,01/17/2018,"$4,277.48","$3,960.25","$3,953.25",$0.00,15.9,38,$104.03,$317.23
,01/18/2018,"$3,219.38","$3,120.80","$3,120.80",$0.00,14.6,37,$84.35,$98.58
,01/19/2018,"$7,892.05","$7,374.67","$7,321.69",$152.99,11.7,65,$112.64,$364.39
,01/20/2018,"$10,743.63","$10,060.17","$10,046.17",$69.99,17.4,91,$110.40,$613.47
,01/21/2018,"$4,841.08","$4,723.58","$4,716.58",$0.00,8.5,59,$79.94,$117.50
,01/22/2018,"$4,207.04","$3,882.40","$3,875.40",$0.00,15.3,49,$79.09,$324.64
,01/23/2018,"$9,485.09","$9,150.51","$9,136.51",$0.00,16.0,54,$169.19,$334.58
,01/24/2018,"$5,542.63","$5,162.78","$5,155.78",$0.00,15.2,67,$76.95,$379.85
,01/25/2018,"$10,498.90","$10,265.88","$10,243.79",$91.49,4.2,68,$150.64,$141.53
,01/26/2018,"$5,606.13","$5,396.16","$5,346.16",$0.00,22.0,62,$86.23,$209.97
,01/27/2018,"$8,620.59","$8,433.11","$8,433.11",$0.00,6.3,85,$99.21,$187.48
,01/28/2018,"$4,673.26","$4,485.80","$4,471.80",$0.00,24.7,66,$67.75,$187.46
,01/29/2018,"$8,021.70","$7,724.32","$7,715.34",$0.00,0.0,61,$126.48,$297.38
,01/30/2018,"$13,060.32","$12,363.29","$12,363.29",$81.49,7.2,80,$154.54,$615.54
,01/31/2018,"$8,400.36","$8,150.64","$8,141.65",$25.50,11.2,59,$137.99,$224.22
,02/01/2018,"$3,383.54","$3,106.83","$3,077.84",$0.00,14.3,52,$59.19,$276.71
,02/02/2018,"$9,114.97","$8,797.63","$8,797.63",$0.00,14.7,74,$118.89,$317.34
,02/03/2018,"$7,681.51","$7,493.78","$7,468.80",$0.00,18.0,72,$103.73,$187.73
,02/04/2018,"$4,960.86","$4,800.40","$4,793.40",$0.00,11.0,47,$101.99,$160.46
,02/05/2018,"$4,456.04","$4,314.31","$4,314.31",$0.00,21.9,43,$100.33,$141.73
,02/06/2018,"$4,247.51","$3,746.24","$3,746.24",$0.00,16.3,45,$83.25,$501.27
,02/07/2018,"$3,334.79","$3,212.62","$3,212.62",$38.74,12.5,44,$73.01,$83.43
,02/08/2018,"$7,479.65","$7,192.44","$7,178.44",$0.00,8.0,54,$132.93,$287.21
,02/09/2018,"$5,966.53","$5,734.88","$5,705.89",$39.99,9.6,74,$77.11,$191.66
,02/10/2018,"$11,005.71","$10,717.35","$10,708.36",$0.00,19.7,72,$148.73,$288.36
,02/11/2018,"$4,028.04","$3,878.31","$3,871.31",$0.00,0.0,24,$161.30,$149.73
,02/12/2018,"$6,077.24","$5,989.77","$5,989.77",$0.00,18.2,44,$136.13,$87.47
,02/13/2018,"$3,569.58","$3,396.30","$3,362.31",$0.00,16.7,43,$78.19,$173.28
,02/14/2018,"$6,616.64","$6,348.31","$6,326.32",$0.00,12.5,53,$119.36,$268.33
,02/15/2018,"$3,981.48","$3,737.34","$3,709.34",$152.99,1.0,38,$97.61,$91.15
,02/16/2018,"$5,057.69","$4,782.08","$4,775.08",$0.00,9.8,53,$90.10,$275.61
,02/17/2018,"$9,947.07","$9,700.18","$9,653.20",$4.00,14.2,77,$125.37,$242.89
,02/18/2018,"$7,282.17","$7,018.21","$7,004.21",$35.99,11.0,62,$112.97,$227.97
,02/19/2018,"$5,351.28","$5,140.28","$5,118.29",$44.73,13.7,73,$70.11,$166.27
,02/20/2018,"$4,427.89","$4,376.00","$4,369.00",$0.00,13.4,38,$114.97,$51.89
,02/21/2018,"$5,284.88","$5,118.23","$5,118.23",$35.99,8.3,35,$146.24,$130.66
,02/22/2018,"$6,089.69","$5,876.05","$5,867.06",$0.00,13.4,50,$117.34,$213.64
,02/23/2018,"$6,076.67","$5,754.25","$5,733.25",$0.00,10.5,52,$110.25,$322.42
,02/24/2018,"$33,788.03","$33,202.06","$33,177.08",$0.00,8.6,98,$338.54,$585.97
,02/25/2018,"$13,054.71","$12,851.48","$12,828.49",$0.00,5.6,79,$162.39,$203.23
,02/26/2018,"$5,133.75","$4,922.33","$4,900.34",$0.00,13.2,79,$62.03,$211.42
,02/27/2018,"$12,140.15","$11,932.24","$11,923.25",$0.00,4.7,61,$195.46,$207.91
,02/28/2018,"$3,367.39","$3,278.69","$3,249.70",$0.00,14.7,53,$61.32,$88.70
,03/01/2018,"$5,948.43","$5,704.79","$5,704.79",$128.97,8.3,50,$114.10,$114.67
,03/02/2018,"$8,215.21","$7,475.22","$7,461.22",$108.23,15.5,87,$85.76,$631.76
,03/03/2018,"$8,543.67","$7,990.54","$7,865.55",$34.98,11.5,105,$74.91,$518.15
,03/04/2018,"$4,651.93","$4,592.93","$4,571.93",$0.00,10.6,64,$71.44,$59.00
,03/05/2018,"$7,348.21","$7,018.08","$6,995.09",$0.00,11.0,68,$102.87,$330.13
,03/06/2018,"$6,430.36","$5,860.95","$5,860.95",$91.49,12.7,50,$117.22,$477.92
,03/07/2018,"$4,754.02","$4,574.94","$4,567.94",$0.00,11.2,62,$73.68,$179.08
,03/08/2018,"$15,175.56","$14,938.15","$14,931.15",$0.00,4.2,67,$222.85,$237.41
,03/09/2018,"$8,171.26","$7,773.78","$7,766.78",$111.56,8.0,84,$92.46,$285.92
,03/10/2018,"$14,552.31","$13,606.28","$13,606.28",$0.00,12.4,85,$160.07,$946.03
,03/11/2018,"$6,638.22","$6,338.41","$6,338.41",$0.00,6.2,66,$96.04,$299.81
,03/12/2018,"$8,396.96","$7,789.30","$7,782.30",$156.18,9.5,73,$106.61,$451.48
,03/13/2018,"$9,686.46","$9,275.10","$9,268.10",$47.98,2.5,61,$151.94,$363.38
,03/14/2018,"$7,905.06","$7,574.98","$7,574.98",$0.00,7.2,82,$92.38,$330.08
,03/15/2018,"$5,804.12","$5,738.66","$5,729.67",$0.00,20.3,59,$97.11,$65.46
,03/16/2018,"$11,952.64","$11,518.07","$11,518.07",$0.00,11.3,83,$138.77,$434.57
,03/17/2018,"$11,533.08","$10,823.37","$10,823.37",$0.00,9.8,79,$137.00,$709.71
,03/18/2018,"$5,881.51","$5,743.27","$5,734.28",$0.00,6.8,45,$127.43,$138.24
,03/19/2018,"$5,232.65","$5,122.91","$5,063.94",$0.00,11.0,64,$79.12,$109.74
,03/20/2018,"$6,183.35","$6,024.21","$6,024.21",$0.00,8.9,65,$92.68,$159.14
,03/21/2018,"$5,405.46","$5,279.28","$5,279.28",$0.00,4.3,51,$103.52,$126.18
,03/22/2018,"$8,684.15","$8,575.15","$8,568.15",$0.00,5.8,64,$133.88,$109.00
,03/23/2018,"$6,712.11","$6,418.30","$6,418.30",$0.00,14.7,68,$94.39,$293.81
,03/24/2018,"$11,168.03","$10,184.46","$10,177.46",$152.99,9.9,94,$108.27,$830.58
,03/25/2018,"$9,422.20","$9,057.66","$9,043.66",$62.67,4.0,47,$192.42,$301.87
,03/26/2018,"$6,181.13","$6,163.13","$6,163.13",$0.00,12.3,63,$97.83,$18.00
,03/27/2018,"$2,971.92","$2,935.87","$2,905.88",$0.00,6.7,27,$107.63,$36.05
,03/28/2018,"$3,743.44","$3,657.57","$3,650.57",$0.00,6.7,56,$65.19,$85.87
,03/29/2018,"$6,706.28","$6,423.83","$6,416.83",$0.00,2.0,52,$123.40,$282.45
,03/30/2018,"$13,019.15","$12,338.29","$12,338.29",$225.73,13.8,111,$111.16,$455.13
,03/31/2018,"$13,654.97","$13,176.03","$13,079.05",$0.00,8.9,97,$134.84,$478.94
,04/02/2018,"$6,207.94","$5,951.32","$5,935.33",$0.00,17.0,59,$100.60,$256.62
,04/03/2018,"$4,912.53","$4,733.53","$4,724.54",$0.00,4.0,56,$84.37,$179.00
,04/04/2018,"$7,817.25","$7,531.23","$7,524.23",$0.00,7.1,64,$117.57,$286.02
,04/05/2018,"$4,919.11","$4,691.37","$4,682.38",$0.00,11.5,53,$88.35,$227.74
,04/06/2018,"$9,468.13","$9,116.02","$8,939.03",$43.98,11.1,75,$119.19,$308.13
,04/07/2018,"$12,490.79","$11,790.73","$11,727.77",$0.00,5.9,80,$146.60,$700.06
,04/08/2018,"$2,306.33","$2,269.33","$2,251.35",$0.00,9.4,36,$62.54,$37.00
,04/09/2018,"$3,624.63","$3,297.18","$3,290.18",$11.19,4.7,50,$65.80,$316.26
,04/10/2018,"$7,184.37","$6,800.42","$6,800.42",$0.00,14.2,50,$136.01,$383.95
,04/11/2018,"$5,376.79","$4,870.03","$4,870.03",$51.12,16.5,52,$93.65,$455.64
,04/12/2018,"$5,107.04","$4,851.21","$4,825.22",$0.00,12.9,43,$112.21,$255.83
,04/13/2018,"$11,083.98","$10,593.03","$10,581.05",$0.00,11.2,74,$142.99,$490.95
,04/14/2018,"$10,468.53","$9,807.20","$9,800.20",$199.99,12.3,87,$112.65,$461.34
,04/15/2018,"$3,375.69","$3,220.96","$3,186.99",$0.00,12.8,47,$67.81,$154.73
,04/16/2018,"$9,613.98","$9,225.80","$9,211.80",$0.00,16.8,73,$126.19,$388.18
,04/17/2018,"$10,250.50","$10,121.23","$10,087.24",$0.00,10.8,50,$201.74,$129.27
,04/18/2018,"$6,117.58","$5,950.58","$5,943.58",$0.00,12.5,62,$95.86,$167.00
,04/19/2018,"$4,437.30","$4,177.89","$4,170.89",$35.99,9.0,54,$77.24,$223.42
,04/20/2018,"$9,508.68","$8,875.32","$8,875.32",$162.99,12.1,78,$113.79,$470.37
,04/21/2018,"$8,110.39","$7,961.65","$7,952.66",$0.00,8.3,64,$124.26,$148.74
,04/22/2018,"$3,837.11","$3,616.90","$3,607.90",$0.00,15.1,63,$57.27,$220.21
,04/23/2018,"$8,008.27","$7,805.57","$7,798.57",$0.00,12.5,62,$125.78,$202.70
,04/24/2018,"$12,673.53","$12,250.07","$12,216.08",$0.00,9.0,53,$230.49,$423.46
,04/25/2018,"$2,864.01","$2,804.00","$2,804.00",$0.00,1.8,42,$66.76,$60.01
,04/26/2018,"$3,946.41","$3,865.20","$3,851.20",$0.00,4.8,59,$65.27,$81.21
,04/27/2018,"$5,823.86","$5,357.47","$5,350.47",$0.00,10.6,86,$62.21,$466.39
,04/28/2018,"$6,545.62","$6,419.68","$6,378.69",$0.00,11.6,84,$75.94,$125.94
,04/29/2018,"$4,715.53","$4,592.80","$4,547.82",$0.00,15.3,49,$92.81,$122.73
,04/30/2018,"$10,536.04","$10,113.13","$10,091.14",$81.49,10.2,94,$107.35,$341.42
,05/01/2018,"$6,405.70","$5,674.22","$5,667.22",$182.99,9.0,59,$96.05,$548.49
,05/02/2018,"$5,492.30","$5,368.63","$5,361.63",$0.00,9.1,56,$95.74,$123.67
,05/03/2018,"$3,326.15","$3,259.88","$3,259.88",$0.00,10.7,44,$74.09,$66.27
,05/04/2018,"$6,706.33","$6,433.22","$6,433.22",$0.00,10.1,61,$105.46,$273.11
,05/05/2018,"$10,368.78","$10,001.95","$9,990.46",$0.00,9.1,92,$108.59,$366.83
,05/06/2018,"$3,697.35","$3,513.01","$3,506.01",$0.00,7.2,60,$58.43,$184.34
,05/07/2018,"$5,905.13","$5,642.79","$5,619.80",$0.00,16.9,65,$86.46,$262.34
,05/08/2018,"$5,100.68","$4,831.26","$4,801.27",$0.00,14.2,56,$85.74,$269.42
,05/09/2018,"$8,985.27","$8,948.76","$8,935.77",$0.00,13.6,61,$146.49,$36.51
,05/10/2018,"$6,101.81","$6,030.34","$6,030.34",$0.00,10.4,63,$95.72,$71.47
,05/11/2018,"$5,457.57","$5,251.84","$5,147.85",$0.00,9.1,59,$87.25,$205.73
,05/12/2018,"$7,513.91","$7,337.17","$7,323.17",$0.00,9.1,80,$91.54,$176.74
,05/13/2018,"$3,747.65","$3,597.77","$3,597.77",$0.00,1.5,39,$92.25,$149.88
,05/14/2018,"$5,722.48","$5,490.75","$5,476.75",$0.00,11.1,62,$88.33,$231.73
,05/15/2018,"$11,832.83","$11,404.51","$11,397.51",$0.00,9.5,50,$227.95,$428.32
,05/16/2018,"$10,514.62","$10,339.16","$10,332.16",$16.00,4.8,71,$145.52,$159.46
,05/17/2018,"$6,393.34","$6,049.48","$6,049.48",$0.00,11.3,66,$91.66,$343.86
,05/18/2018,"$19,965.69","$18,836.59","$18,836.59",$139.99,11.1,89,$211.65,$989.11
,05/19/2018,"$9,749.87","$9,376.29","$9,369.29",$0.00,10.0,87,$107.69,$373.58
,05/20/2018,"$5,894.36","$5,656.14","$5,656.14",$0.00,2.7,42,$134.67,$238.22
,05/21/2018,"$7,577.16","$7,348.33","$7,334.33",$0.00,17.9,62,$118.30,$228.83
,05/22/2018,"$10,923.09","$10,369.63","$10,355.63",$0.00,13.6,58,$178.55,$553.46
,05/23/2018,"$5,366.95","$5,077.97","$5,077.97",$0.00,9.2,56,$90.68,$288.98
,05/24/2018,"$11,168.81","$10,486.38","$10,472.38",$0.00,7.0,60,$174.54,$682.43
,05/25/2018,"$7,575.33","$7,208.63","$7,176.65",$152.99,14.6,74,$96.98,$213.71
,05/26/2018,"$7,420.58","$7,248.73","$7,234.73",$0.00,9.0,88,$82.21,$171.85
,05/27/2018,"$4,711.74","$4,499.17","$4,490.18",$0.00,3.2,47,$95.54,$212.57
,05/28/2018,"$10,927.32","$9,312.14","$9,312.14",$0.00,15.2,91,$102.33,"$1,615.18"
,05/29/2018,"$7,795.88","$7,329.90","$7,329.90",$0.00,11.3,76,$96.45,$465.98
,05/30/2018,"$6,350.76","$6,156.96","$6,133.97",$0.00,5.6,81,$75.73,$193.80
,05/31/2018,"$8,151.43","$7,552.33","$7,545.33",$91.49,6.4,86,$87.74,$507.61
,06/01/2018,"$8,485.80","$8,064.83","$8,055.84",$0.00,11.2,81,$99.45,$420.97
,06/02/2018,"$8,802.44","$8,261.68","$8,254.68",$0.00,12.6,92,$89.72,$540.76
,06/03/2018,"$6,867.49","$6,857.49","$6,850.49",$0.00,10.0,58,$118.11,$10.00
,06/04/2018,"$6,286.44","$6,087.29","$6,087.29",$44.73,13.0,54,$112.73,$154.42
,06/05/2018,"$5,774.68","$5,712.94","$5,705.94",$0.00,6.3,61,$93.54,$61.74
,06/06/2018,"$6,426.55","$6,091.83","$6,091.83",$79.99,8.2,70,$87.03,$254.73
,06/07/2018,"$5,854.34","$5,596.26","$5,596.26",$0.00,2.0,52,$107.62,$258.08
,06/08/2018,"$7,721.01","$7,391.45","$7,377.45",$152.99,15.4,71,$103.91,$176.57
,06/09/2018,"$6,550.25","$6,226.88","$6,212.88",$0.00,13.4,82,$75.77,$323.37
,06/10/2018,"$6,237.24","$6,068.75","$6,068.75",$0.00,5.0,55,$110.34,$168.49
,06/11/2018,"$8,580.11","$8,267.71","$8,253.71",$0.00,17.5,65,$126.98,$312.40
,06/12/2018,"$8,398.99","$7,923.89","$7,916.89",$0.00,15.6,62,$127.69,$475.10
,06/13/2018,"$8,587.66","$8,056.93","$8,049.93",$25.50,5.9,63,$127.78,$505.23
,06/14/2018,"$4,528.42","$4,331.21","$4,254.22",$0.00,6.7,62,$68.62,$197.21
,06/15/2018,"$6,159.84","$5,764.78","$5,757.78",$0.00,9.0,80,$71.97,$395.06
,06/16/2018,"$7,842.97","$7,279.91","$7,270.92",$25.50,7.4,78,$93.22,$537.56
,06/17/2018,"$7,890.32","$7,558.97","$7,522.98",$52.24,5.8,47,$160.06,$279.11
,06/18/2018,"$10,307.38","$9,914.42","$9,893.42",$0.00,8.6,61,$162.19,$392.96
,06/19/2018,"$5,672.16","$5,369.50","$5,344.52",$0.00,6.5,56,$95.44,$302.66
,06/20/2018,"$6,325.76","$5,932.26","$5,932.26",$0.00,8.0,59,$100.55,$393.50
,06/21/2018,"$4,734.86","$4,403.38","$4,396.38",$0.00,14.0,49,$89.72,$331.48
,06/22/2018,"$12,991.56","$9,922.44","$9,922.44","$2,511.62",12.2,90,$110.25,$557.50
,06/23/2018,"$12,264.00","$11,398.64","$11,362.65",$0.00,9.3,91,$124.86,$865.36
,06/24/2018,"$4,462.65","$4,257.68","$4,257.68",$0.00,12.5,56,$76.03,$204.97
,06/25/2018,"$6,657.17","$6,403.31","$6,379.33",$0.00,7.4,68,$93.81,$253.86
,06/26/2018,"$9,504.36","$9,316.87","$9,295.87",$43.98,7.8,62,$149.93,$143.51
,06/27/2018,"$5,078.73","$4,556.52","$4,534.53",$0.00,10.7,57,$79.55,$522.21
,06/28/2018,"$9,604.40","$9,079.17","$9,079.17",$69.99,15.5,65,$139.68,$455.24
,06/29/2018,"$9,542.35","$8,676.03","$8,625.04",$0.00,7.7,87,$99.14,$866.32
,06/30/2018,"$14,331.34","$13,535.05","$13,535.05",$0.00,8.2,110,$123.05,$796.29
,07/01/2018,"$6,308.88","$6,220.77","$6,220.77",$0.00,12.0,61,$101.98,$88.11
,07/02/2018,"$5,075.73","$4,850.70","$4,843.70",$0.00,13.0,62,$78.12,$225.03
,07/03/2018,"$7,484.11","$7,230.92","$7,216.92",$0.00,10.8,75,$96.23,$253.19
,07/05/2018,"$7,953.40","$7,581.74","$7,581.74",$172.99,8.9,89,$85.19,$198.67
,07/06/2018,"$13,955.12","$13,744.64","$13,723.64",$0.00,11.0,87,$157.74,$210.48
,07/07/2018,"$11,436.96","$10,952.60","$10,945.60",$43.98,9.8,95,$115.22,$440.38
,07/08/2018,"$4,277.55","$4,179.81","$4,158.81",$0.00,12.6,46,$90.41,$97.74
,07/09/2018,"$6,829.61","$6,168.56","$6,168.56",$468.42,10.0,77,$80.11,$192.63
,07/10/2018,"$7,519.79","$7,370.05","$7,370.05",$0.00,13.5,63,$116.98,$149.74
,07/11/2018,"$4,143.16","$4,034.57","$4,020.57",$0.00,13.6,48,$83.76,$108.59
,07/12/2018,"$13,486.45","$13,168.63","$13,152.64",$0.00,9.8,60,$219.21,$317.82
,07/13/2018,"$13,897.07","$13,672.84","$13,573.84",$56.98,7.8,75,$180.98,$167.25
,07/14/2018,"$15,293.63","$14,798.67","$14,798.67",$202.98,15.2,90,$164.43,$291.98
,07/15/2018,"$7,189.77","$7,068.04","$7,054.04",$0.00,9.1,51,$138.31,$121.73
,07/16/2018,"$7,693.53","$7,305.65","$7,284.65",$0.00,16.1,70,$104.07,$387.88
,07/17/2018,"$4,259.80","$4,014.83","$3,956.66",$0.00,13.4,59,$67.06,$244.97
,07/18/2018,"$6,080.39","$5,862.04","$5,855.04",$0.00,2.4,69,$84.86,$218.35
,07/19/2018,"$7,405.38","$7,021.22","$6,915.27",$0.00,1.8,70,$98.79,$384.16
,07/20/2018,"$8,250.42","$7,997.75","$7,997.75",$0.00,9.6,78,$102.54,$252.67
,07/21/2018,"$11,760.04","$10,050.86","$10,050.86",$45.97,5.2,92,$109.25,"$1,663.21"
,07/22/2018,"$4,164.60","$3,932.87","$3,925.87",$152.99,7.0,54,$72.70,$78.74
,07/23/2018,"$6,096.31","$5,938.56","$5,908.57",$0.00,11.8,67,$88.19,$157.75
,07/24/2018,"$6,944.16","$6,564.97","$6,564.97",$0.00,7.0,47,$139.68,$379.19
,07/25/2018,"$8,135.96","$7,935.14","$7,798.66",$143.54,8.5,72,$108.31,$57.28
,07/26/2018,"$8,967.76","$8,386.12","$8,372.12",$0.00,21.0,65,$128.80,$581.64
,07/27/2018,"$13,157.23","$12,845.76","$12,838.76",$0.00,8.3,84,$152.84,$311.47
,07/28/2018,"$10,037.31","$9,579.07","$9,572.07",$0.00,7.3,87,$110.02,$458.24
,07/29/2018,"$5,624.36","$5,429.71","$5,406.72",$0.00,10.0,66,$81.92,$194.65
,07/30/2018,"$10,534.09","$10,227.91","$10,186.92",$221.48,6.4,80,$127.34,$84.70
,07/31/2018,"$8,720.55","$7,727.60","$7,720.60",$805.70,7.5,67,$115.23,$187.25
,08/01/2018,"$6,197.86","$5,929.99","$5,907.00",$141.49,16.8,63,$93.76,$126.38
,08/02/2018,"$5,814.59","$5,741.52","$5,734.52",$0.00,2.5,60,$95.58,$73.07
,08/03/2018,"$6,888.58","$6,436.78","$6,422.78",$0.00,1.7,81,$79.29,$451.80
,08/04/2018,"$16,365.29","$15,797.22","$15,790.22",$0.00,14.0,85,$185.77,$568.07
,08/05/2018,"$5,103.66","$4,590.31","$4,590.31",$425.98,17.5,61,$75.25,$87.37
,08/06/2018,"$11,018.32","$10,591.13","$10,570.13",$0.00,10.8,79,$133.80,$427.19
,08/07/2018,"$5,802.54","$5,562.82","$5,555.82",$0.00,16.3,54,$102.89,$239.72
,08/08/2018,"$5,367.57","$5,280.90","$5,252.90",$0.00,12.1,65,$80.81,$86.67
,08/09/2018,"$6,290.72","$6,057.86","$6,057.86",$3.00,15.3,51,$118.78,$229.86
,08/10/2018,"$9,657.89","$9,322.41","$9,265.42",$20.00,9.3,70,$132.36,$315.48
,08/11/2018,"$11,102.98","$10,432.07","$10,432.07",$0.00,2.3,72,$144.89,$670.91
,08/12/2018,"$4,363.57","$4,153.85","$4,153.85",$0.00,3.8,40,$103.85,$209.72
,08/13/2018,"$5,272.35","$5,030.63","$5,009.63",$0.00,15.7,46,$108.91,$241.72
,08/14/2018,"$7,543.98","$7,468.26","$7,461.26",$0.00,15.4,51,$146.30,$75.72
,08/15/2018,"$5,433.91","$5,259.77","$5,252.77",$0.00,6.4,56,$93.80,$174.14
,08/16/2018,"$5,707.03","$5,555.12","$5,534.12",$0.00,2.0,58,$95.42,$151.91
,08/17/2018,"$6,484.78","$5,999.23","$5,922.24",$0.00,10.4,70,$84.60,$485.55
,08/18/2018,"$11,807.13","$11,354.98","$11,325.99",$0.00,12.1,90,$125.84,$452.15
,08/19/2018,"$3,794.97","$3,654.05","$3,647.05",$0.00,15.0,54,$67.54,$140.92
,08/20/2018,"$7,716.97","$7,416.56","$7,289.58",$0.00,12.0,64,$113.90,$300.41
,08/21/2018,"$6,874.49","$6,714.79","$6,628.81",$0.00,10.2,54,$122.76,$159.70
,08/22/2018,"$5,207.27","$5,188.58","$5,188.58",$0.00,6.9,61,$85.06,$18.69
,08/23/2018,"$6,745.14","$6,305.75","$6,289.76",$0.00,3.0,44,$142.95,$439.39
,08/24/2018,"$9,673.71","$8,897.94","$8,861.95",$431.45,10.1,74,$119.76,$344.32
,08/25/2018,"$9,158.02","$8,794.19","$8,780.19",$81.49,5.5,75,$117.07,$282.34
,08/26/2018,"$4,135.11","$3,674.65","$3,637.66",$232.99,9.3,68,$53.49,$227.47
,08/27/2018,"$5,048.14","$4,850.22","$4,850.22",$0.00,18.4,59,$82.21,$197.92
,08/28/2018,"$10,808.07","$10,618.10","$10,597.10",$0.00,15.1,65,$163.03,$189.97
,08/29/2018,"$5,289.60","$4,866.84","$4,843.85",$0.00,8.0,62,$78.13,$422.76
,08/30/2018,"$5,900.83","$5,678.72","$5,671.72",$23.97,1.0,56,$101.28,$198.14
,08/31/2018,"$8,364.39","$8,116.53","$8,086.54",$0.00,11.8,97,$83.37,$247.86
,09/01/2018,"$11,975.74","$11,333.87","$11,326.87",$20.00,7.0,89,$127.27,$621.87
,09/02/2018,"$4,313.18","$4,174.71","$4,167.71",$0.00,2.6,64,$65.12,$138.47
,09/03/2018,"$6,229.52","$6,166.15","$6,143.16",$0.00,8.7,48,$127.98,$63.37
,09/04/2018,"$5,402.76","$5,239.03","$5,193.03",$0.00,2.3,57,$91.11,$163.73
,09/05/2018,"$4,661.06","$4,569.66","$4,569.66",$0.00,13.0,53,$86.22,$91.40
,09/06/2018,"$5,581.28","$5,434.02","$5,427.02",$0.00,5.8,48,$113.06,$147.26
,09/07/2018,"$9,258.96","$9,218.96","$9,211.96",$0.00,12.4,71,$129.75,$40.00
,09/08/2018,"$9,842.16","$9,192.10","$9,192.10",$0.00,16.5,56,$164.14,$650.06
,09/09/2018,"$6,306.27","$6,033.05","$6,012.05",$3.00,3.0,50,$120.24,$270.22
,09/10/2018,"$5,143.73","$4,832.62","$4,825.62",$152.99,5.8,47,$102.67,$158.12
,09/11/2018,"$3,546.29","$3,415.55","$3,415.55",$0.00,21.3,48,$71.16,$130.74
,09/12/2018,"$7,342.84","$7,302.84","$7,274.84",$0.00,11.3,44,$165.34,$40.00
,09/13/2018,"$4,124.65","$4,030.26","$3,978.27",$0.00,0.0,40,$99.46,$94.39
,09/14/2018,"$8,428.01","$8,210.82","$8,210.82",$0.00,1.0,62,$132.43,$217.19
,09/15/2018,"$5,990.52","$5,719.18","$5,710.18",$0.00,17.0,68,$83.97,$271.34
,09/16/2018,"$5,584.97","$5,564.70","$5,564.70",$0.00,5.0,54,$103.05,$20.27
,09/17/2018,"$5,584.89","$5,521.46","$5,484.47",$0.00,8.0,56,$97.94,$63.43
,09/18/2018,"$6,813.06","$6,733.84","$6,716.85",$0.00,13.4,47,$142.91,$79.22
,09/19/2018,"$5,434.63","$5,105.89","$5,105.89",$91.49,8.0,49,$104.20,$237.25
,09/20/2018,"$4,663.23","$4,594.49","$4,580.49",$0.00,1.7,51,$89.81,$68.74
,09/21/2018,"$10,265.95","$9,903.12","$9,894.13",$0.00,9.7,83,$119.21,$362.83
,09/22/2018,"$7,905.68","$7,308.24","$7,301.24",$0.00,12.3,73,$100.02,$597.44
,09/23/2018,"$10,378.76","$10,328.80","$10,328.80",$0.00,14.5,44,$234.75,$49.96
,09/24/2018,"$5,386.73","$5,230.26","$5,223.26",$38.74,11.1,57,$91.64,$117.73
,09/25/2018,"$5,531.17","$5,509.30","$5,464.31",$0.00,14.6,46,$118.79,$21.87
,09/26/2018,"$4,112.52","$4,034.12","$4,007.13",$0.00,14.2,40,$100.18,$78.40
,09/27/2018,"$4,553.83","$4,513.12","$4,497.13",$0.00,0.0,53,$84.85,$40.71
,09/28/2018,"$6,372.51","$5,942.16","$5,942.16",$48.13,8.8,71,$83.69,$382.22
,09/29/2018,"$5,774.35","$5,528.76","$5,499.77",$0.00,7.2,80,$68.75,$245.59
,09/30/2018,"$4,794.30","$4,646.44","$4,639.44",$0.00,10.0,65,$71.38,$147.86
,10/01/2018,"$5,936.57","$5,715.83","$5,701.83",$0.00,13.8,72,$79.19,$220.74
,10/02/2018,"$5,201.55","$4,796.23","$4,782.23",$0.00,21.3,62,$77.13,$405.32
,10/03/2018,"$3,951.26","$3,730.79","$3,716.79",$0.00,9.5,48,$77.43,$220.47
,10/04/2018,"$5,145.70","$4,747.97","$4,740.97",$152.99,18.5,57,$83.17,$244.74
,10/05/2018,"$8,508.72","$8,190.78","$8,169.78",$0.00,16.0,80,$102.12,$317.94
,10/06/2018,"$6,788.25","$6,513.21","$6,506.21",$107.42,14.5,78,$83.41,$167.62
,10/07/2018,"$3,586.32","$3,483.58","$3,483.58",$0.00,0.0,44,$79.17,$102.74
,10/08/2018,"$13,438.99","$12,848.12","$12,823.14",$0.00,13.1,80,$160.29,$590.87
,10/09/2018,"$5,046.20","$4,703.56","$4,689.56",$0.00,19.8,46,$101.95,$342.64
,10/10/2018,"$5,871.64","$5,353.89","$5,339.89",$162.99,15.7,54,$98.89,$354.76
,10/11/2018,"$5,032.13","$4,760.34","$4,753.34",$98.13,13.4,56,$84.88,$173.66
,10/12/2018,"$5,239.70","$5,124.28","$5,115.29",$107.42,10.0,53,$96.51,$8.00
,10/13/2018,"$6,767.35","$6,552.05","$6,545.05",$0.00,16.7,67,$97.69,$215.30
,10/14/2018,"$6,672.26","$6,493.03","$6,486.03",$0.00,1.0,44,$147.41,$179.23
,10/15/2018,"$2,708.44","$2,703.44","$2,696.44",$0.00,11.7,29,$92.98,$5.00
,10/16/2018,"$6,135.28","$6,061.55","$6,040.55",$0.00,21.8,49,$123.28,$73.73
,10/17/2018,"$4,836.30","$4,639.83","$4,639.83",$0.00,16.3,45,$103.11,$196.47
,10/18/2018,"$4,462.05","$4,311.82","$4,289.83",$91.49,13.0,45,$95.33,$58.74
,10/19/2018,"$3,608.77","$3,564.03","$3,564.03",$0.00,0.0,45,$79.20,$44.74
,10/20/2018,"$12,291.00","$11,589.85","$11,589.85",$325.98,1.0,90,$128.78,$375.17
,10/21/2018,"$6,372.69","$6,077.53","$6,063.53",$0.00,2.7,64,$94.74,$295.16
,10/22/2018,"$9,714.26","$9,478.04","$9,443.04",$0.00,1.0,77,$122.64,$236.22
,10/23/2018,"$5,580.04","$5,339.84","$5,325.84",$0.00,18.1,61,$87.31,$240.20
,10/24/2018,"$2,068.54","$1,967.33","$1,945.34",$0.00,9.6,35,$55.58,$101.21
,10/25/2018,"$4,620.16","$4,055.50","$4,025.52",$152.99,11.3,42,$95.85,$411.67
,10/26/2018,"$7,313.08","$7,042.40","$6,991.41",$0.00,16.2,81,$86.31,$270.68
,10/27/2018,"$9,337.16","$8,089.02","$8,048.05",$372.97,13.3,78,$103.18,$875.17
,10/28/2018,"$7,222.27","$7,006.53","$6,972.54",$0.00,4.0,69,$101.05,$215.74
,10/29/2018,"$11,272.41","$10,999.68","$10,992.68",$20.00,14.7,77,$142.76,$252.73
,10/30/2018,"$5,445.08","$5,250.87","$5,227.88",$0.00,16.0,60,$87.13,$194.21
,10/31/2018,"$2,764.53","$2,516.57","$2,509.57",$0.00,4.7,46,$54.56,$247.96
,11/01/2018,"$5,101.83","$4,894.78","$4,894.78",$4.99,3.0,56,$87.41,$202.06
,11/02/2018,"$6,274.15","$6,174.16","$6,167.16",$41.99,13.6,66,$93.44,$58.00
,11/03/2018,"$12,957.93","$12,235.90","$12,221.90",$0.00,11.3,78,$156.69,$722.03
,11/04/2018,"$3,175.53","$3,150.53","$3,150.53",$0.00,0.0,52,$60.59,$25.00
,11/05/2018,"$4,712.70","$4,554.86","$4,540.86",$0.00,12.9,59,$76.96,$157.84
,11/06/2018,"$8,202.49","$7,985.54","$7,971.54",$0.00,13.4,47,$169.61,$216.95
,11/07/2018,"$5,710.24","$5,450.80","$5,443.80",$0.00,12.7,46,$118.34,$259.44
,11/08/2018,"$5,195.31","$5,025.84","$5,025.84",$0.00,0.0,48,$104.70,$169.47
,11/09/2018,"$9,105.83","$8,569.59","$8,560.60",$0.00,6.8,71,$120.57,$536.24
,11/10/2018,"$9,704.47","$9,295.73","$9,295.73",$65.52,12.3,93,$99.95,$343.22
,11/11/2018,"$5,002.56","$4,750.77","$4,736.77",$43.98,1.3,48,$98.68,$207.81
,11/12/2018,"$5,984.86","$5,596.84","$5,091.37",$0.00,12.2,51,$99.83,$388.02
,11/13/2018,"$3,287.06","$3,252.14","$3,252.14",$0.00,13.1,39,$83.39,$34.92
,11/14/2018,"$5,452.49","$5,220.42","$5,220.42",$0.00,9.2,61,$85.58,$232.07
,11/15/2018,"$4,031.21","$3,858.86","$3,840.88",$0.00,0.0,52,$73.86,$172.35
,11/16/2018,"$7,265.55","$7,019.15","$6,983.16",$25.50,15.5,82,$85.16,$220.90
,11/17/2018,"$13,241.92","$12,833.96","$12,833.96",$8.99,6.0,90,$142.60,$398.97
,11/18/2018,"$3,154.12","$3,044.14","$3,037.14",$0.00,0.0,41,$74.08,$109.98
,11/19/2018,"$7,499.28","$7,249.30","$7,242.30",$0.00,13.8,76,$95.29,$249.98
,11/20/2018,"$7,976.19","$7,614.46","$7,584.47",$0.00,10.1,79,$96.01,$361.73
,11/21/2018,"$10,114.78","$9,448.06","$9,416.07",$273.22,15.6,77,$122.29,$393.50
,11/23/2018,"$4,962.79","$4,869.79","$4,869.79",$0.00,16.6,66,$73.78,$93.00
,11/24/2018,"$7,895.29","$7,623.56","$7,602.56",$0.00,3.3,73,$104.14,$271.73
,11/25/2018,"$4,019.40","$3,923.29","$3,916.29",$0.00,2.0,55,$71.21,$96.11
,11/26/2018,"$4,607.96","$4,524.09","$4,524.09",$0.00,5.4,56,$80.79,$83.87
,11/27/2018,"$4,204.88","$4,087.41","$4,058.42",$82.73,13.7,53,$76.57,$34.74
,11/28/2018,"$3,179.10","$3,133.98","$3,093.08",$0.00,17.3,51,$60.65,$45.12
,11/29/2018,"$6,186.46","$6,101.79","$6,094.79",$0.00,4.0,55,$110.81,$84.67
,11/30/2018,"$5,987.99","$5,621.12","$5,598.12",$0.00,13.4,81,$69.11,$366.87
,12/01/2018,"$12,138.23","$11,910.04","$11,910.04",$0.00,10.0,93,$128.06,$228.19
,12/02/2018,"$3,298.66","$3,015.56","$3,015.56",$172.99,0.0,49,$61.54,$110.11
,12/03/2018,"$6,313.98","$6,045.37","$6,045.37",$0.00,19.6,40,$151.13,$268.61
,12/04/2018,"$5,819.75","$5,740.98","$5,733.98",$0.00,16.7,61,$94.00,$78.77
,12/05/2018,"$5,348.51","$5,180.38","$5,173.38",$0.00,13.2,54,$95.80,$168.13
,12/06/2018,"$4,275.75","$4,077.39","$3,711.57",$152.99,8.5,48,$77.32,$45.37
,12/07/2018,"$6,376.43","$6,215.56","$6,208.56",$0.00,12.0,63,$98.55,$160.87
,12/08/2018,"$4,849.16","$4,790.42","$4,790.42",$0.00,11.2,51,$93.93,$58.74
,12/09/2018,"$4,731.80","$4,463.85","$4,463.85",$0.00,9.3,35,$127.54,$267.95
,12/10/2018,"$5,352.10","$5,129.76","$5,101.76",$0.00,10.1,63,$80.98,$222.34
,12/11/2018,"$5,141.42","$4,979.31","$4,979.31",$0.00,18.8,53,$93.95,$162.11
,12/12/2018,"$6,962.97","$6,740.88","$6,740.88",$0.00,7.7,53,$127.19,$222.09
,12/13/2018,"$4,511.10","$4,200.07","$4,193.07",$0.00,10.0,51,$82.22,$311.03
,12/14/2018,"$7,768.77","$7,583.64","$7,583.64",$0.00,14.0,75,$101.12,$185.13
,12/15/2018,"$8,919.27","$8,552.35","$8,545.35",$0.00,11.8,84,$101.73,$366.92
,12/16/2018,"$5,486.17","$5,432.43","$5,432.43",$0.00,9.0,52,$104.47,$53.74
,12/17/2018,"$5,324.29","$5,078.46","$5,048.47",$0.00,10.7,69,$73.17,$245.83
,12/18/2018,"$4,367.39","$4,197.41","$4,174.42",$20.00,20.0,51,$81.85,$149.98
,12/19/2018,"$3,926.83","$3,903.83","$3,896.83",$0.00,19.7,53,$73.53,$23.00
,12/20/2018,"$12,634.56","$12,392.36","$12,365.37",$35.99,6.0,64,$193.21,$206.21
,12/21/2018,"$12,153.65","$11,924.21","$11,910.21",$0.00,13.7,87,$136.90,$229.44
,12/22/2018,"$8,457.67","$8,199.31","$8,192.31",$0.00,7.3,66,$124.13,$258.36
,12/23/2018,"$1,355.63","$1,152.91","$1,145.91",$152.99,1.0,24,$47.75,$49.73
,12/24/2018,"$2,010.53","$1,986.06","$1,979.06",$0.00,1.0,32,$61.85,$24.47
,12/26/2018,"$2,868.09","$2,808.88","$2,762.01",$0.00,19.0,55,$50.22,$59.21
,12/27/2018,"$8,443.07","$8,208.87","$8,208.87",$0.00,18.0,77,$106.61,$234.20
,12/28/2018,"$6,651.57","$6,564.45","$6,543.45",$0.00,5.0,90,$72.70,$87.12
,12/29/2018,"$8,096.43","$7,791.92","$7,770.92",$0.00,10.5,74,$105.01,$304.51
,12/30/2018,"$5,111.01","$5,011.65","$4,982.66",$0.00,3.0,53,$94.01,$99.36
,12/31/2018,"$4,770.32","$4,730.32","$4,709.32",$0.00,11.5,63,$74.75,$40.00
,01/02/2019,"$3,647.78","$3,604.78","$3,604.78",$0.00,11.7,50,$72.10,$43.00
,01/03/2019,"$5,360.15","$5,137.32","$5,137.32",$0.00,9.6,50,$102.75,$222.83
,01/04/2019,"$9,291.44","$8,838.75","$8,831.75",$0.00,16.9,85,$103.90,$452.69
,01/05/2019,"$9,736.76","$9,286.09","$9,279.09",$0.00,18.0,82,$113.16,$450.67
,01/06/2019,"$4,594.20","$4,279.27","$4,243.28",$0.00,0.0,52,$81.60,$314.93
,01/07/2019,"$5,204.92","$4,708.04","$4,664.05",$75.73,17.6,75,$62.19,$421.15
,01/08/2019,"$4,415.09","$4,204.08","$4,184.09",$0.00,11.9,66,$63.40,$211.01
,01/09/2019,"$7,306.36","$7,165.58","$7,129.59",$0.00,10.1,59,$120.84,$140.78
,01/10/2019,"$9,283.48","$8,869.81","$8,869.81",$182.99,11.0,71,$124.93,$230.68
,01/11/2019,"$6,475.89","$6,136.69","$6,113.70",$0.00,11.3,60,$101.89,$339.20
,01/12/2019,"$12,340.81","$11,674.69","$11,667.69",$50.72,14.7,81,$144.05,$615.40
,01/13/2019,"$2,884.47","$2,823.24","$2,809.24",$0.00,0.0,33,$85.13,$61.23
,01/14/2019,"$7,123.92","$6,777.21","$6,770.21",$0.00,6.4,53,$127.74,$346.71
,01/15/2019,"$3,866.07","$3,701.56","$3,672.57",$0.00,10.5,36,$102.02,$164.51
,01/16/2019,"$5,089.64","$4,857.38","$4,832.40",$152.99,15.3,52,$92.93,$79.27
,01/17/2019,"$7,155.58","$6,906.39","$6,835.40",$0.00,21.0,56,$122.06,$249.19
,01/18/2019,"$8,151.92","$7,996.57","$7,996.57",$0.00,7.7,70,$114.24,$155.35
,01/19/2019,"$8,293.09","$8,022.63","$8,022.63",$19.99,22.2,75,$106.97,$250.47
,01/20/2019,"$3,524.17","$3,449.18","$3,440.19",$0.00,0.0,38,$90.53,$74.99
,01/21/2019,"$4,504.45","$4,264.03","$4,242.04",$0.00,19.6,49,$86.57,$240.42
,01/22/2019,"$6,845.83","$6,555.13","$6,523.14",$0.00,28.0,48,$135.90,$290.70
,01/23/2019,"$4,115.99","$4,102.58","$4,102.58",$0.00,14.0,45,$91.17,$13.41
,01/24/2019,"$5,628.80","$5,361.12","$5,284.13",$0.00,3.0,57,$92.70,$267.68
,01/25/2019,"$5,306.36","$5,144.49","$5,137.49",$0.00,8.3,66,$77.84,$161.87
,01/26/2019,"$9,802.80","$9,521.21","$9,514.21",$0.00,9.8,93,$102.30,$281.59
,01/27/2019,"$6,171.98","$5,973.99","$5,952.99",$0.00,1.8,54,$110.24,$197.99
,01/28/2019,"$4,373.83","$4,271.16","$4,271.16",$0.00,18.7,56,$76.27,$102.67
,01/29/2019,"$3,494.33","$3,407.40","$3,367.42",$0.00,1.7,54,$62.36,$86.93
,01/30/2019,"$5,087.30","$5,062.80","$5,035.81",$0.00,11.4,50,$100.72,$24.50
,01/31/2019,"$6,893.77","$6,654.13","$6,595.18",$0.00,1.0,48,$137.40,$239.64
,02/01/2019,"$4,023.04","$3,917.29","$3,917.29",$0.00,17.3,53,$73.91,$105.75
,02/02/2019,"$8,475.48","$8,078.95","$8,064.95",$172.99,0.0,90,$89.61,$223.54
,02/03/2019,"$4,131.01","$4,096.14","$4,089.14",$0.00,0.0,50,$81.78,$34.87
,02/04/2019,"$3,838.67","$3,714.62","$3,707.62",$0.00,16.4,54,$68.66,$124.05
,02/05/2019,"$7,109.71","$6,907.96","$6,891.97",$64.72,17.1,54,$127.63,$137.03
,02/06/2019,"$5,857.57","$5,729.48","$5,700.49",$0.00,12.0,47,$121.29,$128.09
,02/07/2019,"$7,372.27","$7,322.26","$7,306.27",$0.00,7.0,50,$146.13,$50.01
,02/08/2019,"$10,371.33","$9,985.62","$9,978.62",$0.00,9.8,68,$146.74,$385.71
,02/09/2019,"$11,778.02","$11,331.43","$11,331.43",$0.00,10.0,83,$136.52,$446.59
,02/10/2019,"$8,762.99","$8,683.46","$8,663.47",$0.00,0.0,47,$184.33,$79.53
,02/11/2019,"$5,336.18","$4,947.04","$4,947.04",$96.49,15.7,48,$103.06,$292.65
,02/12/2019,"$4,541.74","$4,454.75","$4,427.76",$0.00,10.8,59,$75.05,$86.99
,02/13/2019,"$10,956.12","$10,818.40","$10,783.54",$0.00,15.1,60,$179.73,$137.72
,02/14/2019,"$5,992.75","$5,840.15","$5,840.15",$0.00,1.0,53,$110.19,$152.60
,02/15/2019,"$6,361.26","$6,140.29","$6,115.31",$0.00,10.8,78,$78.40,$220.97
,02/16/2019,"$11,202.67","$10,757.75","$10,757.75",$0.00,6.7,78,$137.92,$444.92
,02/17/2019,"$4,269.32","$4,234.95","$4,227.95",$0.00,8.5,62,$68.19,$34.37
,02/18/2019,"$8,426.74","$8,192.66","$8,091.85",$0.00,15.9,71,$113.97,$234.08
,02/19/2019,"$5,258.17","$5,154.99","$5,084.00",$0.00,11.7,38,$133.79,$103.18
,02/20/2019,"$4,939.94","$4,775.15","$4,766.16",$0.00,11.0,61,$78.13,$164.79
,02/21/2019,"$6,958.30","$6,780.38","$6,773.38",$0.00,2.0,45,$150.52,$177.92
,02/22/2019,"$7,069.60","$7,007.86","$6,965.88",$0.00,0.0,64,$108.84,$61.74
,02/23/2019,"$8,216.88","$7,932.35","$7,925.35",$0.00,18.2,95,$83.42,$284.53
,02/24/2019,"$3,681.52","$3,615.36","$3,585.37",$0.00,2.0,61,$58.78,$66.16
,02/25/2019,"$8,632.39","$8,350.67","$8,343.67",$0.00,9.7,71,$117.52,$281.72
,02/26/2019,"$6,322.85","$6,071.64","$6,050.64",$84.98,6.7,64,$94.54,$166.23
,02/27/2019,"$4,739.73","$4,578.13","$4,571.13",$0.00,5.0,63,$72.56,$161.60
,02/28/2019,"$5,512.59","$5,367.59","$5,305.62",$25.50,18.0,54,$98.25,$119.50
,03/01/2019,"$6,829.03","$6,616.82","$6,616.82",$25.98,0.0,62,$106.72,$186.23
,03/02/2019,"$14,606.64","$14,071.67","$14,044.68",$139.99,8.0,88,$159.60,$394.98
,03/03/2019,"$6,369.55","$6,141.43","$6,123.45",$0.00,0.0,56,$109.35,$228.12
,03/04/2019,"$7,374.79","$7,208.89","$7,032.91",$0.00,0.0,50,$140.66,$165.90
,03/05/2019,"$5,049.57","$4,799.10","$4,799.10",$0.00,9.0,62,$77.40,$250.47
,03/06/2019,"$5,024.34","$4,605.29","$4,585.30",$162.99,8.2,57,$80.44,$256.06
,03/07/2019,"$8,014.00","$7,549.79","$7,542.79",$0.00,18.5,69,$109.32,$464.21
,03/08/2019,"$11,637.40","$11,563.35","$11,543.40",$0.00,13.7,88,$131.18,$74.05
,03/09/2019,"$13,545.71","$12,672.80","$12,594.72",$0.00,6.1,102,$123.48,$872.91
,03/10/2019,"$6,200.71","$5,968.49","$5,954.49",$0.00,5.0,54,$110.27,$232.22
,03/11/2019,"$9,256.15","$9,222.15","$9,206.16",$0.00,12.0,81,$113.66,$34.00
,03/12/2019,"$4,293.60","$4,099.16","$4,091.07",$0.00,12.0,54,$75.76,$194.44
,03/13/2019,"$9,131.56","$8,913.34","$8,890.35",$0.00,18.6,68,$130.74,$218.22
,03/14/2019,"$8,542.53","$8,218.10","$8,218.10",$41.98,16.8,75,$109.57,$282.45
,03/15/2019,"$10,264.31","$9,955.92","$9,948.92",$0.00,14.6,94,$105.84,$308.39
,03/16/2019,"$13,657.73","$13,212.07","$13,128.08",$64.72,16.0,86,$152.65,$380.94
,03/17/2019,"$5,570.59","$5,221.96","$5,207.96",$249.73,19.0,64,$81.37,$98.90
,03/18/2019,"$5,491.01","$5,350.58","$5,273.61",$0.00,10.5,69,$76.43,$140.43
,03/19/2019,"$4,643.21","$4,487.84","$4,480.84",$0.00,13.3,57,$78.61,$155.37
,03/20/2019,"$5,171.42","$4,946.79","$4,932.79",$0.00,3.8,58,$85.05,$224.63
,03/21/2019,"$3,080.58","$3,066.11","$3,066.11",$0.00,0.0,39,$78.62,$14.47
,03/22/2019,"$4,182.80","$4,005.29","$3,998.29",$0.00,2.0,59,$67.77,$177.51
,03/23/2019,"$5,580.24","$5,275.13","$5,275.13",$152.99,2.5,50,$105.50,$152.12
,03/24/2019,"$4,334.24","$4,201.58","$4,201.58",$0.00,1.0,33,$127.32,$132.66
,03/25/2019,"$4,139.14","$3,928.27","$3,928.27",$0.00,6.4,49,$80.17,$210.87
,03/26/2019,"$8,311.23","$8,045.99","$8,038.99",$0.00,17.3,54,$148.87,$265.24
,03/27/2019,"$6,277.83","$5,988.01","$5,968.02",$0.00,11.0,54,$110.52,$289.82
,03/28/2019,"$3,269.07","$3,201.33","$3,158.34",$52.74,0.0,55,$57.42,$15.00
,03/29/2019,"$7,942.97","$7,539.65","$7,532.65",$162.99,4.6,71,$106.09,$240.33
,03/30/2019,"$9,693.60","$9,330.64","$9,323.64",$20.00,11.7,88,$105.95,$342.96
,03/31/2019,"$5,949.48","$5,765.49","$5,765.49",$172.99,0.0,57,$101.15,$11.00
,04/01/2019,"$5,222.41","$5,184.34","$5,184.34",$0.00,13.9,76,$68.22,$38.07
,04/02/2019,"$9,392.08","$9,162.94","$9,155.94",$20.00,13.8,56,$163.50,$209.14
,04/03/2019,"$7,056.74","$6,566.06","$6,536.14",$182.99,6.8,55,$118.84,$307.69
,04/04/2019,"$6,778.17","$6,612.98","$6,605.98",$0.00,2.0,66,$100.09,$165.19
,04/05/2019,"$7,381.24","$7,078.54","$7,057.54",$0.00,0.0,78,$90.48,$302.70
,04/06/2019,"$6,070.77","$5,976.76","$5,976.76",$0.00,7.0,68,$87.89,$94.01
,04/07/2019,"$3,747.67","$3,622.43","$3,608.43",$0.00,12.0,52,$69.39,$125.24
,04/08/2019,"$6,032.34","$5,855.53","$5,855.53",$0.00,18.0,60,$97.59,$176.81
,04/09/2019,"$4,339.47","$4,251.06","$4,244.06",$0.00,12.9,55,$77.16,$88.41
,04/10/2019,"$4,091.52","$3,961.98","$3,947.98",$0.00,13.3,42,$94.00,$129.54
,04/11/2019,"$7,230.77","$6,981.53","$6,967.53",$0.00,6.5,62,$112.38,$249.24
,04/12/2019,"$3,786.56","$3,712.19","$3,676.22",$0.00,0.0,45,$81.69,$74.37
,04/13/2019,"$5,722.46","$5,462.19","$5,455.19",$0.00,7.6,56,$97.41,$260.27
,04/14/2019,"$4,347.29","$4,213.58","$4,197.59",$0.00,0.0,59,$71.15,$133.71
,04/15/2019,"$5,517.03","$5,194.86","$5,178.87",$72.74,9.9,61,$84.90,$249.43
,04/16/2019,"$6,863.31","$6,636.17","$6,627.18",$0.00,10.4,54,$122.73,$227.14
,04/17/2019,"$6,276.94","$6,246.00","$6,246.00",$0.00,19.5,35,$178.46,$30.94
,04/18/2019,"$3,450.29","$3,327.35","$3,327.35",$0.00,4.0,49,$67.91,$122.94
,04/19/2019,"$7,771.07","$7,481.61","$7,474.61",$162.99,16.0,90,$83.05,$126.47
,04/20/2019,"$8,784.66","$8,396.60","$8,351.62",$0.00,11.0,77,$108.46,$388.06
,04/22/2019,"$7,448.34","$7,289.91","$7,282.91",$0.00,8.3,64,$113.80,$158.43
,04/23/2019,"$8,315.92","$8,199.70","$8,192.70",$0.00,10.5,60,$136.54,$116.22
,04/24/2019,"$3,260.42","$3,122.68","$3,108.68",$0.00,16.5,32,$97.15,$137.74
,04/25/2019,"$6,299.75","$6,139.11","$6,125.11",$0.00,1.0,51,$120.10,$160.64
,04/26/2019,"$5,645.96","$5,441.32","$5,441.32",$0.00,7.5,73,$74.54,$204.64
,04/27/2019,"$11,701.38","$11,209.67","$11,209.67",$0.00,2.3,81,$138.39,$491.71
,04/28/2019,"$3,570.35","$3,449.48","$3,440.49",$0.00,0.0,51,$67.46,$120.87
,04/29/2019,"$10,020.99","$9,978.25","$9,978.25",$0.00,16.0,80,$124.73,$42.74
,04/30/2019,"$4,504.80","$4,327.10","$4,313.10",$0.00,14.5,55,$78.42,$177.70
,05/01/2019,"$7,193.10","$7,114.89","$7,107.89",$0.00,9.4,59,$120.47,$78.21
,05/02/2019,"$6,953.57","$6,807.46","$6,793.46",$8.99,1.0,53,$128.18,$137.12
,05/03/2019,"$6,895.63","$6,706.42","$6,692.42",$0.00,19.7,67,$99.89,$189.21
,05/04/2019,"$8,109.24","$7,899.75","$7,899.75",$0.00,17.8,76,$103.94,$209.49
,05/05/2019,"$4,053.75","$3,995.01","$3,988.01",$0.00,0.0,42,$94.95,$58.74
,05/06/2019,"$5,915.87","$5,841.06","$5,841.06",$0.00,0.0,69,$84.65,$74.81
,05/07/2019,"$3,614.38","$3,386.17","$3,386.17",$0.00,13.9,54,$62.71,$228.21
,05/08/2019,"$5,759.22","$5,715.75","$5,708.75",$0.00,17.7,34,$167.90,$43.47
,05/09/2019,"$3,661.73","$3,320.81","$3,313.81",$0.00,15.1,45,$73.64,$340.92
,05/10/2019,"$5,633.75","$5,407.99","$5,393.99",$172.99,0.0,45,$119.87,$52.77
,05/11/2019,"$5,067.43","$4,862.47","$4,855.47",$0.00,0.0,60,$80.92,$204.96
,05/12/2019,"$2,576.58","$2,386.13","$2,386.13",$8.99,0.0,34,$70.18,$181.46
,05/13/2019,"$4,494.59","$4,339.22","$4,332.22",$0.00,20.8,67,$64.66,$155.37
,05/14/2019,"$7,983.04","$7,675.72","$7,668.72",$0.00,2.0,72,$106.51,$307.32
,05/15/2019,"$3,737.50","$3,548.56","$3,534.56",$0.00,0.0,54,$65.45,$188.94
,05/16/2019,"$3,864.80","$3,791.12","$3,784.12",$0.00,0.0,53,$71.40,$73.68
,05/17/2019,"$10,125.44","$9,841.49","$9,792.51",$0.00,7.7,83,$117.98,$283.95
,05/18/2019,"$6,321.71","$6,190.94","$6,183.94",$0.00,10.0,45,$137.42,$130.77
,05/19/2019,"$4,207.74","$4,025.28","$4,011.28",$25.50,0.0,55,$72.93,$156.96
,05/20/2019,"$5,652.72","$5,544.74","$5,544.74",$0.00,0.0,66,$84.01,$107.98
,05/21/2019,"$4,849.83","$4,722.44","$4,722.44",$0.00,25.0,56,$84.33,$127.39
,05/22/2019,"$7,421.68","$7,398.48","$7,398.48",$0.00,14.0,62,$119.33,$23.20
,05/23/2019,"$6,726.88","$6,459.14","$6,445.14",$0.00,12.0,69,$93.41,$267.74
,05/24/2019,"$8,586.67","$8,521.90","$8,514.90",$0.00,9.2,77,$110.58,$64.77
,05/25/2019,"$8,678.05","$8,471.10","$8,426.12",$8.99,11.4,69,$122.12,$197.96
,05/26/2019,"$3,298.95","$3,172.58","$3,150.59",$0.00,0.0,40,$78.76,$126.37
,05/27/2019,"$5,211.05","$5,033.16","$5,033.16",$0.00,14.5,57,$88.30,$177.89
,05/28/2019,"$4,513.77","$4,332.82","$4,285.84",$0.00,4.6,71,$60.36,$180.95
,05/29/2019,"$5,109.20","$4,891.77","$4,891.77",$0.00,0.0,51,$95.92,$217.43
,05/30/2019,"$6,723.27","$6,672.28","$6,672.28",$5.00,14.2,72,$92.67,$45.99
,05/31/2019,"$7,118.18","$7,016.67","$7,009.67",$0.00,6.7,90,$77.89,$101.51
,06/01/2019,"$9,166.62","$8,984.77","$8,984.77",$0.00,7.7,77,$116.69,$181.85
,06/02/2019,"$4,240.46","$4,174.68","$4,167.68",$0.00,0.0,50,$83.35,$65.78
,06/03/2019,"$6,594.18","$6,395.43","$6,388.43",$0.00,8.9,74,$86.33,$198.75
,06/04/2019,"$8,534.52","$8,369.55","$8,369.55",$0.00,10.8,66,$126.81,$164.97
,06/05/2019,"$5,637.56","$5,430.70","$5,430.70",$0.00,0.0,59,$92.05,$206.86
,06/06/2019,"$4,491.34","$4,423.64","$4,409.64",$0.00,1.0,58,$76.03,$67.70
,06/07/2019,"$9,372.69","$9,241.23","$9,227.23",$0.00,6.0,85,$108.56,$131.46
,06/08/2019,"$6,268.96","$5,991.01","$5,991.01",$0.00,13.0,63,$95.10,$277.95
,06/09/2019,"$3,682.99","$3,446.53","$3,446.53",$0.00,0.0,45,$76.59,$236.46
,06/10/2019,"$7,620.62","$7,431.95","$7,393.96",$0.00,4.6,79,$93.59,$188.67
,06/11/2019,"$5,186.83","$4,932.00","$4,889.01",$0.00,9.0,52,$94.02,$254.83
,06/12/2019,"$3,728.03","$3,659.66","$3,639.68",$0.00,0.0,44,$82.72,$68.37
,06/13/2019,"$4,294.62","$4,223.62","$4,202.62",$0.00,0.0,58,$72.46,$71.00
,06/14/2019,"$7,778.31","$7,439.17","$7,396.18",$0.00,1.0,81,$91.31,$339.14
,06/15/2019,"$7,741.87","$7,610.85","$7,603.85",$0.00,3.0,84,$90.52,$131.02
,06/16/2019,"$2,342.59","$2,244.14","$2,237.14",$0.00,0.0,35,$63.92,$98.45
,06/17/2019,"$4,684.63","$4,607.64","$4,580.65",$0.00,1.0,56,$81.80,$76.99
,06/18/2019,"$5,465.74","$5,400.74","$5,390.75",$0.00,17.7,58,$92.94,$65.00
,06/19/2019,"$3,802.24","$3,772.24","$3,758.24",$0.00,1.0,65,$57.82,$30.00
,06/20/2019,"$4,166.64","$3,949.34","$3,885.36",$0.00,13.4,62,$62.67,$217.30
,06/21/2019,"$5,811.47","$5,543.51","$5,536.51",$152.99,13.5,66,$83.89,$114.97
,06/22/2019,"$7,244.10","$7,115.63","$7,115.63",$0.00,15.0,87,$81.79,$128.47
,06/23/2019,"$3,460.38","$3,455.38","$3,455.38",$0.00,12.0,37,$93.39,$5.00
,06/24/2019,"$3,836.43","$3,743.06","$3,743.06",$0.00,7.3,67,$55.87,$93.37
,06/25/2019,"$5,338.82","$5,275.66","$5,261.66",$0.00,16.8,58,$90.72,$63.16
,06/26/2019,"$7,029.32","$6,937.34","$6,920.35",$0.00,9.5,59,$117.29,$91.98
,06/27/2019,"$6,165.85","$6,093.74","$6,079.74",$0.00,11.1,58,$104.82,$72.11
,06/28/2019,"$7,044.19","$6,946.40","$6,849.61",$0.00,10.4,82,$83.53,$97.79
,06/29/2019,"$7,955.91","$7,756.57","$7,749.57",$0.00,10.9,90,$86.11,$199.34
,06/30/2019,"$2,889.18","$2,818.21","$2,818.21",$0.00,10.6,46,$61.27,$70.97
,07/01/2019,"$8,074.92","$7,770.26","$7,742.26",$0.00,12.1,79,$98.00,$304.66
,07/02/2019,"$5,511.26","$5,351.40","$5,287.41",$0.00,12.0,59,$89.62,$159.86
,07/03/2019,"$7,686.79","$7,458.54","$7,451.54",$0.00,12.2,79,$94.32,$228.25
,07/05/2019,"$6,157.62","$6,079.64","$6,079.64",$0.00,13.7,82,$74.14,$77.98
,07/06/2019,"$8,563.84","$8,390.88","$8,390.88",$0.00,10.8,76,$110.41,$172.96
,07/07/2019,"$2,752.96","$2,534.00","$2,527.00",$152.99,10.0,42,$60.17,$65.97
,07/08/2019,"$4,975.22","$4,965.22","$4,955.23",$0.00,12.3,67,$73.96,$10.00
,07/09/2019,"$5,271.24","$5,213.74","$5,206.74",$0.00,16.0,63,$82.65,$57.50
,07/10/2019,"$3,326.47","$3,309.47","$3,295.47",$0.00,7.6,48,$68.66,$17.00
,07/11/2019,"$6,063.70","$6,049.70","$5,409.79",$0.00,13.6,58,$93.27,$14.00
,07/12/2019,"$8,034.52","$7,833.57","$7,826.57",$0.00,9.6,87,$89.96,$200.95
,07/13/2019,"$8,458.67","$8,266.15","$8,259.15",$0.00,9.2,87,$94.93,$192.52
,07/14/2019,"$3,132.29","$3,062.81","$3,062.81",$0.00,9.3,51,$60.06,$69.48
,07/15/2019,"$7,745.49","$7,596.23","$7,596.23",$0.00,9.9,66,$115.09,$149.26
,07/16/2019,"$7,599.00","$7,432.04","$7,425.04",$0.00,9.0,70,$106.07,$166.96
,07/17/2019,"$6,510.87","$6,431.88","$6,424.88",$0.00,13.0,51,$125.98,$78.99
,07/18/2019,"$6,054.99","$5,801.35","$5,662.38",$0.00,13.5,61,$92.83,$253.64
,07/19/2019,"$8,026.50","$7,850.55","$7,836.55",$0.00,10.3,52,$150.70,$175.95
,07/20/2019,"$9,943.39","$9,591.04","$9,577.04",$0.00,13.1,82,$116.79,$352.35
,07/21/2019,"$4,898.31","$4,805.32","$4,805.32",$0.00,9.0,58,$82.85,$92.99
,07/22/2019,"$5,083.01","$4,739.75","$4,739.75",$0.00,17.0,75,$63.20,$343.26
,07/23/2019,"$5,767.23","$5,502.49","$5,481.49",$0.00,7.7,69,$79.44,$264.74
,07/24/2019,"$7,380.22","$7,330.68","$7,303.69",$0.00,11.3,54,$135.25,$49.54
,07/25/2019,"$5,023.77","$4,976.78","$4,962.78",$0.00,12.2,58,$85.57,$46.99
,07/26/2019,"$6,266.51","$6,051.73","$6,030.73",$0.00,9.2,71,$84.94,$214.78
,07/27/2019,"$12,877.56","$12,508.09","$12,487.09",$0.00,13.4,91,$137.22,$369.47
,07/28/2019,"$4,801.05","$4,663.57","$4,635.57",$0.00,11.7,48,$96.57,$137.48
,07/29/2019,"$6,372.25","$6,329.25","$6,301.25",$0.00,7.8,69,$91.32,$43.00
,07/30/2019,"$5,919.68","$5,846.41","$5,846.41",$0.00,3.5,65,$89.94,$73.27
,07/31/2019,"$4,569.91","$4,453.02","$4,453.02",$0.00,10.7,71,$62.72,$116.89
,08/01/2019,"$6,275.00","$5,934.11","$5,927.11",$0.00,13.7,72,$82.32,$340.89
,08/02/2019,"$9,881.10","$9,694.71","$9,673.71",$0.00,8.2,82,$117.97,$186.39
,08/03/2019,"$6,272.42","$6,033.49","$6,033.49",$0.00,10.4,67,$90.05,$238.93
,08/04/2019,"$3,080.11","$3,027.12","$3,027.12",$0.00,20.0,52,$58.21,$52.99
,08/05/2019,"$8,196.28","$7,828.12","$7,814.12",$0.00,11.5,66,$118.40,$368.16
,08/06/2019,"$3,991.65","$3,868.68","$3,868.68",$0.00,14.8,59,$65.57,$122.97
,08/07/2019,"$6,650.84","$6,409.75","$6,399.76",$0.00,10.3,69,$92.75,$241.09
,08/08/2019,"$6,357.49","$6,339.49","$6,332.49",$0.00,15.4,36,$175.90,$18.00
,08/09/2019,"$6,691.29","$6,468.99","$6,454.99",$0.00,9.7,70,$92.21,$222.30
,08/10/2019,"$10,556.39","$10,483.41","$10,483.41",$0.00,11.4,91,$115.20,$72.98
,08/11/2019,"$3,656.46","$3,364.64","$3,364.64",$0.00,10.5,51,$65.97,$291.82
,08/12/2019,"$7,060.08","$6,817.10","$6,817.10",$0.00,11.6,67,$101.75,$242.98
,08/13/2019,"$5,947.79","$5,803.17","$5,803.17",$0.00,10.6,66,$87.93,$144.62
,08/14/2019,"$7,215.79","$6,992.06","$6,985.06",$0.00,11.8,57,$122.54,$223.73
,08/15/2019,"$5,353.51","$5,193.68","$5,193.68",$0.00,15.8,49,$105.99,$159.83
,08/16/2019,"$5,120.76","$5,037.63","$5,037.63",$0.00,16.3,58,$86.86,$83.13
,08/17/2019,"$10,261.34","$9,992.30","$9,978.30",$0.00,11.7,107,$93.26,$269.04
,08/18/2019,"$3,596.36","$3,510.79","$3,478.80",$0.00,0.0,44,$79.06,$85.57
,08/19/2019,"$4,655.90","$4,520.94","$4,472.97",$0.00,13.1,60,$74.55,$134.96
,08/20/2019,"$7,302.90","$7,224.81","$7,224.81",$0.00,15.4,61,$118.44,$78.09
,08/21/2019,"$7,057.54","$6,869.25","$6,855.25",$0.00,6.8,54,$126.95,$188.29
,08/22/2019,"$3,916.69","$3,893.69","$3,893.69",$0.00,12.5,62,$62.80,$23.00
,08/23/2019,"$7,463.69","$7,455.69","$7,441.69",$0.00,15.1,59,$126.13,$8.00
,08/24/2019,"$10,940.95","$10,737.00","$10,737.00",$0.00,9.6,82,$130.94,$203.95
,08/25/2019,"$4,134.77","$4,001.80","$3,872.56",$0.00,11.0,55,$70.41,$132.97
,08/26/2019,"$6,673.67","$6,612.68","$6,605.68",$0.00,18.4,57,$115.89,$60.99
,08/27/2019,"$4,987.37","$4,940.81","$4,940.81",$0.00,11.1,46,$107.41,$46.56
,08/28/2019,"$6,075.74","$6,075.74","$6,075.74",$0.00,12.5,49,$123.99,$0.00
,08/29/2019,"$4,965.49","$4,883.82","$4,862.82",$0.00,19.3,49,$99.24,$81.67
,08/30/2019,"$4,115.35","$3,913.91","$3,899.91",$0.00,10.3,75,$52.00,$201.44
,08/31/2019,"$9,452.96","$9,419.96","$9,419.96",$0.00,10.8,89,$105.84,$33.00
,09/01/2019,"$7,860.26","$7,788.78","$7,781.78",$0.00,13.0,36,$216.16,$71.48
,09/02/2019,"$5,923.60","$5,713.11","$5,671.13",$162.99,8.0,63,$90.02,$47.50
,09/03/2019,"$5,027.41","$4,834.52","$4,827.52",$179.99,8.1,66,$73.14,$12.90
,09/04/2019,"$4,220.56","$3,996.11","$3,975.11",$0.00,10.8,61,$65.17,$224.45
,09/05/2019,"$4,831.66","$4,775.29","$4,768.29",$0.00,13.6,44,$108.37,$56.37
,09/06/2019,"$4,172.12","$4,100.44","$4,079.44",$0.00,19.0,51,$79.99,$71.68
,09/07/2019,"$5,476.01","$5,443.01","$5,443.01",$0.00,14.5,62,$87.79,$33.00
,09/08/2019,"$3,274.38","$3,238.88","$3,238.88",$0.00,1.0,46,$70.41,$35.50
,09/09/2019,"$5,208.49","$5,126.52","$4,897.74",$0.00,0.0,51,$96.03,$81.97
,09/10/2019,"$5,640.28","$5,546.40","$4,089.32",$0.00,2.5,51,$80.18,$93.88
,09/11/2019,"$6,169.40","$6,111.10","$5,432.82",$0.00,12.1,54,$100.61,$58.30
,09/12/2019,"$9,073.38","$8,847.12","$5,648.41",$65.00,16.5,55,$102.70,$161.26
,09/13/2019,"$5,940.24","$5,889.62","$4,980.84",$0.00,11.8,66,$75.47,$50.62
,09/14/2019,"$10,358.74","$10,278.06","$8,805.83",$0.00,18.6,91,$96.77,$80.68
,09/15/2019,"$3,904.53","$3,738.10","$3,731.10",$0.00,0.0,51,$73.16,$166.43
,09/16/2019,"$9,231.90","$9,038.93","$6,524.48",$0.00,5.0,55,$118.63,$192.97
,09/17/2019,"$5,248.36","$5,083.65","$4,561.56",$0.00,19.0,38,$120.04,$164.71
,09/18/2019,"$6,665.58","$6,655.58","$4,628.19",$0.00,0.0,38,$121.79,$10.00
,09/19/2019,"$5,824.96","$5,811.26","$4,082.77",$0.00,17.2,37,$110.35,$13.70
,09/20/2019,"$7,714.69","$7,607.08","$7,600.08",$0.00,9.0,70,$108.57,$107.61
,09/21/2019,"$6,941.21","$6,660.76","$5,992.77",$0.00,16.0,65,$92.20,$280.45
,09/22/2019,"$4,926.82","$4,845.33","$4,845.33",$0.00,0.0,41,$118.18,$81.49
,09/23/2019,"$7,061.49","$6,580.55","$6,580.55",$269.99,1.0,68,$96.77,$210.95
,09/24/2019,"$4,788.93","$4,711.77","$4,084.88",$0.00,13.6,46,$88.80,$77.16
,09/25/2019,"$6,699.54","$6,523.91","$5,139.28",$0.00,16.8,36,$142.76,$175.63
,09/26/2019,"$5,221.33","$5,179.33","$4,718.91",$0.00,9.3,48,$98.31,$42.00
,09/27/2019,"$7,807.61","$7,671.62","$5,021.81",$0.00,10.6,80,$62.77,$135.99
,09/28/2019,"$10,827.51","$10,587.07","$8,648.59",$0.00,12.8,93,$93.00,$240.44
,09/29/2019,"$3,413.79","$3,312.83","$2,589.78",$0.00,0.0,47,$55.10,$100.96
,09/30/2019,"$6,522.87","$6,389.90","$5,460.96",$0.00,7.0,71,$76.91,$132.97
,10/01/2019,"$8,416.43","$8,266.47","$5,279.52",$0.00,9.1,68,$77.64,$149.96
,10/02/2019,"$6,665.50","$6,436.84","$5,228.97",$0.00,10.0,61,$85.72,$228.66
,10/03/2019,"$3,410.63","$3,178.19","$3,020.26",$0.00,15.3,48,$62.92,$232.44
,10/04/2019,"$7,358.75","$7,320.25","$5,653.51",$0.00,0.0,68,$83.14,$38.50
,10/05/2019,"$8,639.23","$8,535.51","$7,570.59",$0.00,9.8,76,$99.61,$103.72
,10/06/2019,"$5,393.52","$5,288.55","$4,569.34",$0.00,12.3,47,$97.22,$104.97
,10/07/2019,"$7,230.75","$7,185.75","$6,545.89",$0.00,0.0,56,$116.89,$45.00
,10/08/2019,"$5,891.22","$5,785.24","$5,138.83",$0.00,10.3,62,$82.88,$105.98
,10/09/2019,"$8,150.24","$8,137.24","$6,688.54",$0.00,0.0,43,$155.55,$13.00
,10/10/2019,"$6,853.91","$6,405.08","$3,174.59",$0.00,10.0,37,$85.80,$448.83
,10/11/2019,"$4,648.36","$4,561.52","$3,255.55",$0.00,12.0,49,$66.44,$86.84
,10/12/2019,"$11,275.36","$11,089.39","$5,842.65",$0.00,17.0,60,$97.38,$185.97
,10/13/2019,"$3,747.43","$3,692.44","$2,660.55",$0.00,0.0,38,$70.01,$54.99
,10/14/2019,"$7,340.19","$7,249.83","$5,975.32",$0.00,11.3,60,$99.59,$90.36
,10/15/2019,"$4,183.87","$4,115.87","$3,812.37",$0.00,11.4,36,$105.90,$68.00
,10/16/2019,"$4,131.75","$4,007.79","$3,993.79",$0.00,0.0,39,$102.40,$123.96
,10/17/2019,"$4,246.12","$4,141.13","$2,947.58",$0.00,12.8,45,$65.50,$104.99
,10/18/2019,"$4,295.19","$3,975.06","$3,638.02",$0.00,10.2,53,$68.64,$320.13
,10/19/2019,"$10,200.63","$9,963.18","$9,435.81",$0.00,15.1,76,$124.16,$237.45
,10/20/2019,"$5,200.64","$5,051.49","$4,020.82",$0.00,0.0,45,$89.35,$149.15
,10/21/2019,"$5,738.86","$5,707.46","$5,104.39",$0.00,17.8,64,$79.76,$31.40
,10/22/2019,"$7,551.97","$7,419.99","$5,020.85",$0.00,11.5,56,$89.66,$131.98
,10/23/2019,"$6,409.24","$6,318.54","$5,742.12",$0.00,0.0,48,$119.63,$90.70
,10/24/2019,"$3,291.75","$3,205.96","$3,191.96",$0.00,14.3,38,$84.00,$85.79
,10/25/2019,"$6,589.44","$6,535.12","$5,262.93",$0.00,10.3,51,$103.19,$54.32
,10/26/2019,"$8,504.03","$8,208.12","$6,329.08",$0.00,11.1,77,$82.20,$295.91
,10/27/2019,"$4,236.29","$3,995.01","$3,875.02",$0.00,0.0,46,$84.24,$241.28
,10/28/2019,"$8,913.62","$8,213.64","$7,243.00",$0.00,11.1,65,$111.43,$699.98
,10/29/2019,"$3,991.55","$3,911.57","$3,589.52",$0.00,7.2,43,$83.48,$79.98
,10/30/2019,"$4,863.06","$4,791.56","$3,231.37",$0.00,2.0,42,$76.94,$71.50
,10/31/2019,"$5,434.18","$5,201.24","$5,083.24",$0.00,18.5,49,$103.74,$232.94
,11/01/2019,"$8,063.17","$7,601.11","$4,898.84",$0.00,21.5,73,$67.11,$462.06
,11/02/2019,"$10,465.14","$10,168.41","$7,362.55",$0.00,0.0,80,$92.03,$296.73
,11/03/2019,"$3,393.38","$3,304.82","$3,297.82",$0.00,0.0,51,$64.66,$88.56
,11/04/2019,"$6,328.29","$6,233.29","$5,472.97",$0.00,7.6,57,$96.02,$95.00
,11/05/2019,"$5,251.31","$5,149.81","$3,267.62",$0.00,15.0,48,$68.08,$101.50
,11/06/2019,"$5,554.87","$5,396.59","$5,121.60",$0.00,0.0,47,$108.97,$158.28
,11/07/2019,"$3,075.38","$3,017.82","$2,899.82",$0.00,8.0,36,$80.55,$57.56
,11/08/2019,"$4,977.96","$4,702.28","$4,702.28",$0.00,8.5,55,$85.50,$275.68
,11/09/2019,"$9,767.81","$9,353.86","$8,229.75",$0.00,16.0,73,$112.74,$413.95
,11/10/2019,"$5,542.81","$5,403.32","$5,022.34",$0.00,7.5,52,$96.58,$139.49
,11/11/2019,"$4,874.18","$4,769.18","$4,589.20",$0.00,11.3,49,$93.66,$105.00
,11/12/2019,"$4,922.72","$4,724.73","$4,057.66",$0.00,1.5,38,$106.78,$197.99
,11/13/2019,"$4,742.57","$4,552.96","$2,536.71",$0.00,6.5,39,$65.04,$189.61
,11/14/2019,"$4,289.46","$4,232.96","$4,232.96",$0.00,5.5,48,$88.19,$56.50
,11/15/2019,"$6,449.90","$6,225.02","$6,053.36",$0.00,9.0,75,$80.71,$224.88
,11/16/2019,"$9,332.68","$9,098.61","$6,908.56",$0.00,13.8,73,$94.64,$234.07
,11/17/2019,"$6,305.50","$6,134.52","$4,685.04",$0.00,12.0,54,$86.76,$170.98
,11/18/2019,"$7,448.92","$7,238.93","$6,113.54",$0.00,11.6,60,$101.89,$209.99
,11/19/2019,"$8,304.40","$8,159.42","$7,005.05",$0.00,7.0,52,$134.71,$144.98
,11/20/2019,"$3,436.73","$3,402.73","$2,315.56",$0.00,0.0,37,$62.58,$34.00
,11/21/2019,"$3,947.38","$3,836.69","$3,102.14",$0.00,7.0,42,$73.86,$110.69
,11/22/2019,"$4,651.00","$4,608.00","$4,304.01",$0.00,21.5,54,$79.70,$43.00
,11/23/2019,"$11,232.37","$11,030.89","$6,506.78",$0.00,4.5,54,$120.50,$201.48
,11/24/2019,"$2,798.08","$2,662.09","$2,636.10",$0.00,11.3,32,$82.38,$135.99
,11/25/2019,"$5,750.86","$5,603.87","$4,461.83",$0.00,8.5,63,$70.82,$146.99
,11/26/2019,"$9,257.73","$9,165.54","$6,617.94",$0.00,14.0,63,$105.05,$92.19
,11/27/2019,"$8,264.90","$7,994.01","$6,262.54",$0.00,0.0,59,$106.14,$270.89
,11/29/2019,"$4,448.98","$4,423.98","$4,164.79",$0.00,13.8,56,$74.37,$25.00
,11/30/2019,"$5,168.50","$4,871.54","$4,283.08",$0.00,15.3,70,$61.19,$296.96
,12/01/2019,"$5,946.42","$5,822.43","$3,991.63",$0.00,0.0,57,$70.03,$123.99
,12/02/2019,"$4,731.13","$4,633.14","$4,318.16",$0.00,9.2,58,$74.45,$97.99
,12/03/2019,"$3,895.33","$3,795.34","$2,402.62",$0.00,10.0,41,$58.60,$99.99
,12/04/2019,"$5,884.09","$5,779.64","$5,295.53",$0.00,0.0,61,$86.81,$104.45
,12/05/2019,"$4,708.22","$4,596.23","$4,575.23",$0.00,3.0,47,$97.35,$111.99
,12/06/2019,"$4,741.80","$4,536.83","$4,250.84",$0.00,6.7,56,$75.91,$204.97
,12/07/2019,"$10,433.06","$10,125.88","$6,354.81",$0.00,11.4,75,$84.73,$307.18
,12/08/2019,"$3,528.07","$3,337.09","$2,900.13",$0.00,0.0,47,$61.70,$190.98
,12/09/2019,"$4,447.78","$4,215.90","$3,485.77",$0.00,11.3,62,$56.22,$231.88
,12/10/2019,"$5,499.27","$5,294.29","$3,164.38",$0.00,14.0,40,$79.11,$204.98
,12/11/2019,"$5,599.15","$5,569.75","$1,968.60",$0.00,9.0,37,$53.21,$29.40
,12/12/2019,"$4,764.50","$4,580.58","$4,000.60",$0.00,11.8,43,$93.04,$183.92
,12/13/2019,"$6,358.94","$6,237.90","$5,555.67",$0.00,11.1,54,$102.88,$121.04
,12/14/2019,"$9,839.37","$9,443.75","$6,559.14",$0.00,1.0,69,$95.06,$395.62
,12/15/2019,"$3,325.28","$3,265.43","$3,244.43",$0.00,0.0,38,$85.38,$59.85
,12/16/2019,"$5,511.38","$5,375.20","$4,617.81",$0.00,0.0,56,$82.46,$136.18
,12/17/2019,"$5,300.40","$5,038.73","$4,803.65",$0.00,10.8,48,$100.08,$261.67
,12/18/2019,"$4,629.90","$4,615.20","$3,724.29",$0.00,0.0,53,$70.27,$14.70
,12/19/2019,"$5,887.83","$5,774.59","$5,710.61",$0.00,11.7,57,$100.19,$113.24
,12/20/2019,"$6,820.96","$6,512.49","$6,311.34",$0.00,11.8,64,$98.61,$308.47
,12/21/2019,"$5,967.95","$5,797.60","$5,755.62",$0.00,9.1,65,$88.55,$170.35
,12/22/2019,"$2,955.77","$2,835.77","$2,755.78",$0.00,0.0,27,$102.07,$120.00
,12/23/2019,"$9,106.56","$8,946.86","$6,735.34",$0.00,8.0,75,$89.80,$159.70
,12/24/2019,"$2,074.53","$2,023.46","$1,936.47",$0.00,3.0,27,$71.72,$51.07
,12/26/2019,"$5,854.06","$5,594.91","$4,905.85",$0.00,10.5,62,$79.13,$259.15
,12/27/2019,"$9,640.08","$9,252.11","$8,113.51",$0.00,7.0,82,$98.95,$387.97
,12/28/2019,"$5,685.28","$5,504.25","$4,596.76",$0.00,13.2,51,$90.13,$181.03
,12/29/2019,"$5,491.04","$5,255.06","$3,833.73",$0.00,6.8,46,$83.34,$235.98
,12/30/2019,"$7,888.66","$7,505.02","$7,491.02",$0.00,10.3,93,$80.55,$383.64
,12/31/2019,"$9,471.83","$9,298.84","$7,961.56",$0.00,3.8,91,$87.49,$172.99
206,,"$4,838,897.32","$4,664,258.12","$4,531,858.05","$17,248.42",,"44,303",$102.29,"$157,390.78"
Total,,"$4,838,897.32","$4,664,258.12","$4,531,858.05","$17,248.42",,"44,303",$102.29,"$157,390.78"
